{"cameraMode":{"drawMode":0,"name":"Shaded","section":"Shading Mode"},"sceneLighting":true,"audioPlay":false,"sceneViewState":{"m_AlwaysRefresh":false,"showFog":true,"showSkybox":true,"showFlares":true,"showImageEffects":true,"showParticleSystems":true,"showVisualEffectGraphs":true,"m_FxEnabled":true},"in2DMode":false,"pivot":{"x":13.841765403747559,"y":0.24804812669754029,"z":8.79044246673584},"rotation":{"x":0.6652203798294067,"y":0.027738479897379876,"z":-0.0247525442391634,"w":0.7457329630851746},"size":22.210464477539064,"orthographic":true}