{"cameraMode":{"drawMode":0,"name":"Shaded","section":"Shading Mode"},"sceneLighting":true,"audioPlay":false,"sceneViewState":{"m_AlwaysRefresh":false,"showFog":true,"showSkybox":true,"showFlares":true,"showImageEffects":true,"showParticleSystems":true,"showVisualEffectGraphs":true,"m_FxEnabled":true},"in2DMode":false,"pivot":{"x":0.5099999904632568,"y":0.009999999776482582,"z":0.5099999904632568},"rotation":{"x":0.1696227341890335,"y":-0.46227651834487917,"z":0.09058509767055512,"w":0.8656381368637085},"size":0.7071067690849304,"orthographic":true}