{"cameraMode":{"drawMode":0,"name":"Shaded","section":"Shading Mode"},"sceneLighting":true,"audioPlay":false,"sceneViewState":{"m_AlwaysRefresh":false,"showFog":true,"showSkybox":true,"showFlares":true,"showImageEffects":true,"showParticleSystems":true,"showVisualEffectGraphs":true,"m_FxEnabled":true},"in2DMode":false,"pivot":{"x":13.288739204406739,"y":10.015291213989258,"z":-3.4210376739501955},"rotation":{"x":0.025457225739955903,"y":0.5287445783615112,"z":-0.01586488075554371,"w":0.848257303237915},"size":16.873863220214845,"orthographic":true}