{"cameraMode":{"drawMode":0,"name":"Shaded","section":"Shading Mode"},"sceneLighting":true,"audioPlay":false,"sceneViewState":{"m_AlwaysRefresh":false,"showFog":true,"showSkybox":true,"showFlares":true,"showImageEffects":true,"showParticleSystems":true,"showVisualEffectGraphs":true,"m_FxEnabled":true},"in2DMode":false,"pivot":{"x":8.45979118347168,"y":-1.0779600143432618,"z":1.1643383502960206},"rotation":{"x":0.7060242891311646,"y":0.0061456491239368919,"z":-0.006136709358543158,"w":0.7081461548805237},"size":10.902318954467774,"orthographic":false}