{"cameraMode":{"drawMode":0,"name":"Shaded","section":"Shading Mode"},"sceneLighting":true,"audioPlay":false,"sceneViewState":{"m_AlwaysRefresh":false,"showFog":true,"showSkybox":true,"showFlares":true,"showImageEffects":true,"showParticleSystems":true,"showVisualEffectGraphs":true,"m_FxEnabled":true},"in2DMode":false,"pivot":{"x":18.071144104003908,"y":-0.8715470433235169,"z":-1.3295475244522095},"rotation":{"x":0.7903383374214172,"y":0.005315673537552357,"z":-0.0068682050332427029,"w":0.6126238703727722},"size":33.69065856933594,"orthographic":true}